No. BIEN SICOIN,DESCRIPCION,MARCA,MODELO,No. SERIE,UBICACIÓN,RESPONSABLE,No.Folio Tarjeta Resp.
004458A3,"COMPUTADORA DE ESCRITORIO DISCO DURO 256 GB ESTADO SOLIDO MEMORIA RAM 8GB. INCLUYE: PANTALLA DELL DE 24"", MOUSE DELL Y TECLADO DELL EN ESPAÑOL PARA USO DEL PERSONAL DE LA SENACYT.",DELL,OPTIPLEX 7070 SFF XCTO,65QZNY2,ASESORÍA JURÍDICA,CHRISTIAN JOSUE VELASQUEZ CHO,1096
001C28F4,"CPU MINITORRE C/PROCESADOR CORE 15-650 4M CAHE, 3.2GHZ, 2 DISCOS DUROS 250GB Y 1TB SATA 3.0, DVD+/-RW 16X, MARCA DELL",DELL,PRECISION T1500,HPXZKM1,ASESORÍA JURÍDICA,NA,991
0034F4B8,"COMPUTADORA DE ESCRITORIO, MOUSE OPTICO MODELO: MS116P SERIE: CN-009NK2-73826-69C-0DRR, TECLADO EN ESPAÑOL, MODELO: KB216P, SERIE: CN-08NYJV-73826-6BC-007L-A02, Y MOUSE PAD, DISCO DURO 1TB, MEMORIA RAM 16GB, PANTALLA PLANA 23.8PULG., MODELO:SE2316HC, SERIE:CN-0JWHYH-64180-6BE-0FVT-A00, PROCESADOR INTEL CORE I7 DE 3.4GIGAHERCIOS, PUERTOS 4USB, 1VGA, SISTEMA MICROSOFT WINDOWS 10 OEM DE 64BITS PROFESIONAL EN ESPAÑOL, TARJETA DE VIDEO 2GB DDR3, UNIDAD OPTICA INTERNA DVD+/RW.",DELL,OPTIPLEX 7040,9N3PXG2,ASESORÍA JURÍDICA,ROSA MARIA CATALAN MELGAR,945
001C17ED,"CPU Dell Desktop procesador Intel Core 2 Duo E8400 3.0Ghz, 4GB RAM 1066Mhz, 250GB HD Sata 3.0Gb/s, Quemadora DVD+/-RW, Sistema Op. Windows 7 PRO Español",DELL,Optiplex 780,FL8CKM1,ASESORÍA JURÍDICA,VELASQUEZ CHO CHRISTIAN JOSUE,NA
002AD440,"HP COMPAQ  PRO6300 MOCROTOWER BUSINESS PC WIN8 PRO DOWNGRADE TO WIN7 PRO 64 LTN INTELCOREI5-34703.2G6MHD2500 CPU ALL 4GB DDR3-1600 DIMM (1X4GB) RAM 500GB 7200 RPM 3.5 HDD HP PS/2 OPTICAL MOUSE, MONITOR Y TECLADO",HP,NA,MXL3330X9G,ASESORÍA JURÍDICA,ZULY LESLIE MONROY VILLATORO DE RAMIREZ,948
0020FBFF,CPU marca DeLL procesador intel core cor i7 3.4 GHZ,DELL,OPTIPLEX 790,7W77NS1,AUDITORIA INTERNA,AMELIDA PINEDA,995
0044FA1C,"COMPUTADORA DE ESCRITORIO, CAPACIDAD DE DISCO DURO DE ESTADO SOLIDO: 256 GB: MEMORIA RAM DE 8 GB, INCLUYE MONITOR DE 23.8 PULGADAS, TECLADO EN ESPAÑOL, MOUSE Y CPU, PARA USO EXCLUSIVO DEL PERSONAL DE LA SENACYT (DELL, OPTIPLEX 7070, 4FP2PY2)",DELL,OPTIPLEX 7070,FP954Y2,AUDITORIA INTERNA,AMELIDA PINEDA,NA
001B75D8,"CPU DELL DESKTOP CON PROCESADOR INTEL CORE 2 DUO E8400 3.4GHZ, 4 GB MEMORIA RAM 1066MHZ, DISCO DURO SATA 3.0 DE 250GB, CON QUEMADORA DVD+/-RW, SISTEMA OPERATIVO WINDOWS 7 PRO ESPAÑOL",DELL,OPTIPLEX 780,G5ZQ5M1,AUDITORIA INTERNA,BOROR PEREZ HILARIO,720
0040AC1F,"COMPUTADORA DE ESCRITORIO, INCLUYE MONITOR, MOUSE Y TECLADO. CAPACIDAD DISCO DURO 1 TERA. PROCEDASOR INTEL COREI7, MEMORIA RAM 8 GB.",DELL,OPTIPLEX 9020 SFF,6HJRW52,AUDITORIA INTERNA,BOROR PEREZ HILARIO,720
001B75B7,"CPU DELL DESKTOP CON PROCESADOR INTEL CORE 2 DUO E8400 3.4GHZ, 4 GB MEMORIA RAM 1066MHZ, DISCO DURO SATA 3.0 DE 250GB, CON QUEMADORA DVD+/-RW, SISTEMA OPERATIVO WINDOWS 7 PRO ESPAÑOL",DELL,OPTIPLEX 780,26ZQ5M1,AUDITORIA INTERNA,CORADO SERRANO EDWIN OTTONIEL,994
0044588B,"COMPUTADORA DE ESCRITORIO DISCO DURO 256 GB ESTADO SOLIDO MEMORIA RAM 8GB. INCLUYE: PANTALLA DE 24, MOUSE DELL Y TECLADO EN ESPAÑOL PARA USO DEL PERSONAL DE LA SENACYT.",DELL,OPTIPLEX 7070 SFF XCTO,65QYNY2,AUDITORIA INTERNA,CORADO SERRANO EDWIN OTTONIEL,994
003B4B67,"COMPUTADORA DE ESCRITORIO, PROCESADOR: INTEL CORE I7-7700, MEMORIA 8 GB DE MEMORIA DDR4 A 2400MHZ (2DIMMS), DISCO DURO DE 1TB 7200 RPM DE 3.5"" ACCESORIOS: MOUSE, TECLADO Y MONITOR DE 23.8"".",DELL,OPTIPLEX 7050,BTNZ0M2,AUDITORIA INTERNA,ROSALES MEDA LESLY PAOLA,1058
0011D612,"CPU MARCA DELL  MINITOWER 2.53GHZ, 3M, 2GB, NON-ECC, 800MHZ DDR2, 2X1GB, TARJETA DE VIDEO, GMA3100, DISCO DURO DE 160 GB, SATA 3.0 GB/S EMRP WINDOWS XP PROP SP2 COLOR NEGRO",DELL,OPTIPLEX CORE 2 DUO ET7200,B2P1TH1,AUDUTORIA INTERNA,ROSALES MEDA LESLY PAOLA,1058
445820,"COMPUTADORA DE ESCRITORIO DISCO DURO 256 GB ESTADO SOLIDO, MEMORIA RAM 8 GB, INCLUYE PANTALLA DE 24, MOUSE Y TECLADO EN ESPAÑOL PARA USO DEL PERSONAL DE LA SENACYT. (DELL, OPTIPLEX 7070 SFF XCTO, 65R1PY2)",DELL,OPTIPLEX 7070 SFF XCTO,65R1PY2,CENTRO DE DOCUMENTACION,ORTIZ VALENZUELA ANDRES OSWALDO,1090
357586,COMPUTADORA DE ESCRITORIO MOUSE OPTICO MODELO MS116P S/N CN-009NK2-73826-69C-0DRV TECLADO ESPAÑOL MODELO: KB216P S/N CN-08NYJV-73826-6BC-037Q-A02 Y MOUSE PAD CAP DISCO DURO 1 TB CONCECTIVIDAD ETHERNET 10/100/1000 RAM 16 GB PANTALLA DE ALTA DEFINICION DE 23.8PLGS MODELO E2417H S/N CN-0T4KPW-74261-721-08HB-A00 PROCESADOR INTEL CORE I7 DE 3.4GHZ PUERTOS 4USB V3 4USB V2.0 1 RJ45 1VGA SISTEMA OPERATIVO MICROSOFT WINDOWS 10 OEM DE 64 BITS PROF ESPAÑOL TARJETA VIDEO 2GB DDR3 UNIDAD OPTICA DVD+/RW,DELL,OPTIPLEX 7040,9MPRXG2,COOPERACION INT.,BRAN MONTENEGRO JESSICA LOURDES,1005
445841,"COMPUTADORA DE ESCRITORIO DISCO DURO 256 GB ESTADO SOLIDO MEMORIA RAM 8GB. INCLUYE: PANTALLA DEL 24, MOUSE DELL Y TECLADO DELL EN ESPAÑOL PARA USO DEL PERSONAL DE LA SENACYT. (DELL, OPTIPLEX 7070 SFF XCTO, 65Q1PY2)",DELL,OPTIPLEX 7070 SFF XCTO,65Q1PY2,COOPERACION INTERNACIONAL,PENDIENTE ASIGNAR,NA
120091,"COMPUTADORA DELL PORTATIL C/PROCESADOR INTEL CORE 2 DUO DE 2.0GH, DISCO DURO 160GB PANTALLA 14.1"" WXGA C/NEGRO",DELL,LATITUDE E6400,DTT1TH1,DESPACHO SUPERIOR,CIFONTES MENDEZ JENNIFER PATRICIA,943
001B75B6,"CPU DELL DESKTOP CON PROCESADOR INTEL CORE 2 DUO E8400 3.4GHZ, 4 GB MEMORIA RAM 1066MHZ, DISCO DURO SATA 3.0 DE 250GB, CON QUEMADORA DVD+/-RW, SISTEMA OPERATIVO WINDOWS 7 PRO ESPAÑOL",DELL,OPTIPLEX 780,D5ZQ5M1,DESPACHO SUPERIOR,CIFONTES MENDEZ JENNIFER PATRICIA,944
0040ABDD,"COMPUTADORA DE ESCRITORIO, INCLUYE MONITOR, MOUSE Y TECLADO. CAPACIDAD DISCO DURO 1 TERA. PROCEDASOR INTEL COREI7, MEMORIA RAM 8 GB.",DELL,OPTIPLEX 9020SFF,6HMWW52,DESPACHO SUPERIOR,PENDIENTE ASIGNAR,NA
0044F9D6,"COMPUTADORA DE ESCRITORIO, CAPACIDAD DE DISCO DURO DE ESTADO SOLIDO: 256 GB: MEMORIA RAM DE 8 GB, INCLUYE MONITOR DE 23.8 PULGADAS, TECLADO EN ESPAÑOL, MOUSE Y CPU, PARA USO EXCLUSIVO DEL PERSONAL DE LA SENACYT (DELL, OPTIPLEX 7070, 4FP2PY2)",DELL,OPTIPLEX 7070,DV5Z3Y2,DESPACHO SUPERIOR ASISTENTE DEL DESPACHO,LESLI PALENCIA,942
0027EC55,"NOTEBOOK APPLE MACBOOK 1.8 GHZ, 4GB   SDRAM DDR3L    A 1,600 MHZ",APPLE,MACBOOK AIR A1466,C02JRXB8DRVC,"DESPACHO SUPERIOR, SECRETARIA NACIONAL DE CIENCIA Y TECNOLOGIA",OSCAR MANUEL COBAR PINTO,728
00155B13,"CPU DELL CON PROCESADOR CORE 2 DUO E7300 2.66 GHZ, 2GB MEMORIA RAM, DISCO DURO 250GB SATA II",DELL,OPTIPLEX 760,C04QQJ1,DIRECCION ADMINISTRATIVA FINANCIERA,ARCHILA BERREONDO JUAN RODOLFO,1020
0034F4B7,"COMPUTADORA DE ESCRITORIO, MOUSE OPTICO MODELO: MS116P SERIE: CN-009NK2-73826-69A-12KO, TECLADO EN ESPAÑOL, MODELO: KB216P, SERIE: CN-08NYJV-73826-6BC-00CV-A02, Y MOUSE PAD, DISCO DURO 1TB, MEMORIA RAM 16GB, PANTALLA PLANA 23.8PULG., MODELO:SE2316HC, SERIE:CN-0JWHYH-64180-6BE-0M7T-A00, PROCESADOR INTEL CORE I7 DE 3.4GIGAHERCIOS, PUERTOS 4USB, 1VGA, SISTEMA MICROSOFT WINDOWS 10 OEM DE 64BITS PROFESIONAL EN ESPAÑOL, TARJETA DE VIDEO 2GB DDR3, UNIDAD OPTICA INTERNA DVD+/RW.",DELL,OPTIPLEX 7040,9MLPXG2,DIRECCION ADMINISTRATIVA FINANCIERA,FRANCISCO HERNANDEZ,1004
004458F9,"COMPUTADORA PORTATIL, DISCO DURO 512 GB ESTADO SOLIDO; MEMORIA RAM 16GB. INCLUYE: MOCHILA DELL PARA USO DEL PERSONAL DE LA SENACYT.",DELL,LATITUD 5400 XCTO,BYGX5Y2,DIRECCION ADMINISTRATIVA FINANCIERA,HERNANDEZ MALDONADO FRANCISCO SOLANO,NA
0040AC7E,"COMPUTADORA DE ESCRITORIO, INCLUYE MONITOR, MOUSE Y TECLADO. CAPACIDAD DISCO DURO 1 TERA. PROCEDASOR INTEL COREI7, MEMORIA RAM 8 GB.",DELL,OPTIPLEX 9020 SFF,6LVZW52,DIRECCION ADMINISTRATIVA FINANCIERA,TELLO MONTERROSO MIGDALIA AZUCENA,1038
001B75C2,"CPU DELL DESKTOP CON PROCESADOR INTEL CORE 2 DUO E8400 3.4GHZ, 4 GB MEMORIA RAM 1066MHZ, DISCO DURO SATA 3.0 DE 250GB, CON QUEMADORA DVD+/-RW, SISTEMA OPERATIVO WINDOWS 7 PRO ESPAÑOL",DELL,OPTIPLEX 780,96ZQ5M1,DIRECCION ADMINISTRATIVA FINANCIERA,TERCERO DAVILA CAROL ILIANA,1034
001C181B,"CPU Dell Desktop procesador Intel Core 2 Duo E8400 3.0Ghz, 4GB RAM 1066Mhz, 250GB HD Sata 3.0Gb/s, Quemadora DVD+/-RW, Sistema Op. Windows 7 PRO Español",DELL,Optiplex 780,FKZ9KM1,DIRECCION DE COOPERACION,FAJARDO MIJANGOS GORETTI SALOME,975
001C17F0,"CPU Dell Desktop procesador Intel Core 2 Duo E8400 3.0Ghz, 4GB RAM 1066Mhz, 250GB HD Sata 3.0Gb/s, Quemadora DVD+/-RW, Sistema Op. Windows 7 PRO Español",DELL,Optiplex 780,FM4CKM1,DIRECCION DE COOPERACION,JOSE MANUEL ECHEVERRIA SOLARES,974
001F743B,"COMPUTADORA PORTÁTIL DELL C/PROCESADOR 2.5GHZ, 2X2GB MEMORIA RAM Y DISCO DURO 250GH, CON WINDOWS PRO7 EN ESPAÑOL, INCLUYE MALETÍN",PASONIC,E5420,13FP4S1,DIRECCION DE COOPERACION,JOSE MANUEL ECHEVERRIA SOLARES,974
000F94A0,NOTEBOOK DELL INSP XPSM-1330 C2D 2.0/100G DVDRW COLOR NEGRO 8YNV9F1,DELL,X13,1CR6QD1,DIRECCION DE COOPERACION,LEONEL MONTERROSO TORRES,207
0040ABF8,"COMPUTADORA DE ESCRITORIO, INCLUYE MONITOR, MOUSE Y TECLADO. CAPACIDAD DISCO DURO 1 TERA. PROCEDASOR INTEL COREI7, MEMORIA RAM 8 GB.",DELL,OPTIPLEX 9020 SFF,6LVXW52,DIRECCION DE COOPERACION INTERNACIONAL,MONROY ARDON DE PIZARRO BEVERLY MARIA PAOLA,973
001C17F2,"CPU Dell Desktop procesador Intel Core 2 Duo E8400 3.0Ghz, 4GB RAM 1066Mhz, 250GB HD Sata 3.0Gb/s, Quemadora DVD+/-RW, Sistema Op. Windows 7 PRO Español",DELL,Optiplex 780,FL2BKM1,DIRECCIÓN DE GENERACIÓN Y TRANSFERENCIA DE CONOCIMIENTOS,VELASQUEZ CASTILLO ERICK JOSE,988
002AD439,"HP COMPAQ  PRO6300 MOCROTOWER BUSINESS PC WIN8 PRO DOWNGRADE TO WIN7 PRO 64 LTN INTELCOREI5-34703.2G6MHD2500 CPU ALL 4GB DDR3-1600 DIMM (1X4GB) RAM 500GB 7200 RPM 3.5 HDD HP PS/2 OPTICAL MOUSE, MONITOR Y TECLADO",HP,NA,MXL3330X98,DIRECCION DE GENERACION Y TRANSFERENCIA DEL CONOCIMIENTO,PEREZ OROZCO MILTON GEMALY,971
000EE185,"COMPUTADORA DELL OPT. GX-745 C2D 2.40/1G/250/DVDRW, MONITOR DEL LCD DE 17"" FLAT PANEL, TECLADO, MOUSE Y BOCINAS NEGRAS A225",DELL,DCSM,J5NGJD1,DIRECCION DE GENERACION Y TRANSFERENCIA DEL CONOCIMIENTO,RICARDO EUGENIO FUENTES SORIA,1022
003B4B64,"COMPUTADORA DE ESCRITORIO, PROCESADOR: INTEL CORE I7-7700, MEMORIA 8 GB DE MEMORIA DDR4 A 2400MHZ (2DIMMS), DISCO DURO DE 1TB 7200 RPM DE 3.5"" ACCESORIOS: MOUSE, TECLADO Y MONITOR DE 23.8"".",DELL,OPTIPLEX 7050,BTP01M2,DIRECCION DE GENERACION Y TRANSFERENCIA DEL CONOCIMIENTO,RICO MARTINEZ GLENDA ARCELY,985
003B4B65,"COMPUTADORA DE ESCRITORIO, PROCESADOR: INTEL CORE I7-7700, MEMORIA 8 GB DE MEMORIA DDR4 A 2400MHZ (2DIMMS), DISCO DURO DE 1TB 7200 RPM DE 3.5"" ACCESORIOS: MOUSE, TECLADO Y MONITOR DE 23.8"".",DELL,OPTIPLEX 7050,BTQ11M2,DIRECCION DE GENERALIZACION Y TRANSFERENCIA DE CDONOCIMIENTO,ALVARES MEJIA LILIAM JEANNETTE,981
0040ABCD,"COMPUTADORA DE ESCRITORIO, INCLUYE MONITOR, MOUSE Y TECLADO. CAPACIDAD DISCO DURO 1 TERA. PROCEDASOR INTEL COREI7, MEMORIA RAM 8 GB.",DELL,OPTIPLEX 9020 SFF,6HHXW52,DIRECCION DE GENERALIZACION Y TRANSFERENCIA DE CDONOCIMIENTO,CHOQUIN HERNANDEZ GERARDO ALONZO,983
001999A0,SERVIDOR HP CON PROCESADOR DE 8GB QUAD-CORE XEON E5520 C/2 DISCOS DUROS DE 146GB,HP,PROLIANT DL380G6,2UX94306MF,DIRECCION DE INFORMATICA,VAZQUES RODRIGUEZ ABDIDAS,325
001999AA,SERVIDOR HP CON PROCESADOR DE 8GB QUAD-CORE XEON E5520 C/2 DISCOS DUROS DE 146GB,HP,PROLIANT DL380G6,2UX94306TT,DIRECCION DE INFORMATICA,VAZQUES RODRIGUEZ ABDIDAS,325
002ADD69,UN SERVIDOR HP DL380E DE 8GB E5247 PARA USO DE LA SENACYT,HP,S/M,S/S,DIRECCION DE INFORMATICA,VAZQUES RODRIGUEZ ABDIDAS,NA
0031E968,"SERVIDOR POWEREDGE R430 2.4GHZ 2X16GB, 3X600GB PARA QUE SEA UTILIZADO EN EL ÁREA DE INFORMÁTICA DE LA SENACYT",POWERDGE,POWEREDGE R430,7YF7D42,DIRECCION DE INFORMATICA,VAZQUES RODRIGUEZ ABDIDAS,NA
0034DC28,"SERVIDOR EN RACK, COLOR NEGRO Y METÁLICO, CAPACIDAD TOTAL DE CRUDO 4.8 TERABYTE, DISCOS DUROS: 8 FUENTES DE PODER REDUNDANTE, MEDIOS DE LECTURA ÓPTICA: DVD +/-RW SATA INTERNA: MEMORIA CACHE: 20 MEGABYTE, MEMORIA RAM: 96 GIGABYTE, PROCESADOR: 2 INTEL XEON DE 2.4 GHZ.",DELL,POWEREDGE R730,B9RMJH2,DIRECCION DE INFORMATICA,VAZQUES RODRIGUEZ ABDIDAS,NA
002EEDC9,COMPUTADORA PORTATIL HP ENVY SPECTRE,HP,ENVY14,5CD21856CF,DIRECCION DE LA TECNOLOGIAS DE LA INFORMACION,EDISON ALDAIR DIAZ,1007
004458DE,"COMPUTADORA DE ESCRITORIO DISCO DURO 256 GB ESTADO SOLIDO MEMORIA RAM 8GB. INCLUYE: PANTALLA DELL DE 24"", MOUSE DELL Y TECLADO DELL EN ESPAÑOL PARA USO DEL PERSONAL DE LA SENACYT.",DELL,OPTIPLEX 7070 SFF XCTO,65PXNY2,DIRECCION DE POPULARIZACION,CASTILLO CASTAÑEDA ERIKA PAHOLA,NA
001C1892,"CPU Dell Desktop procesador Intel Core 2 Duo E8400 3.0Ghz, 4GB RAM 1066Mhz, 250GB HD Sata 3.0Gb/s, Quemadora DVD+/-RW, Sistema Op. Windows 7 PRO Español",S/M,Optiplex 780,FL2CKM1,DIRECCION DE POPULARIZACION,GISELA IVONNE MONZON AGUILAR DE RUIZ,967
002AD43E,"HP COMPAQ  PRO6300 MOCROTOWER BUSINESS PC WIN8 PRO DOWNGRADE TO WIN7 PRO 64 LTN INTELCOREI5-34703.2G6MHD2500 CPU ALL 4GB DDR3-1600 DIMM (1X4GB) RAM 500GB 7200 RPM 3.5 HDD HP PS/2 OPTICAL MOUSE, MONITOR Y TECLADO",HP,NA,MXL33313ZZ,DIRECCION DE POPULARIZACION CIENTIFICA Y TECLOLONIA,SENDY ROCA,NA
003B4B6F,"COMPUTADORA DE ESCRITORIO, PROCESADOR: INTEL CORE I7-7700, MEMORIA 8 GB DE MEMORIA DDR4 A 2400MHZ (2DIMMS), DISCO DURO DE 1TB 7200 RPM DE 3.5"" ACCESORIOS: MOUSE, TECLADO Y MONITOR DE 23.8"".",DELL,OPTIPLEX 7050,BVRZ0M2,DIRECCION DE POPULARIZACION CIENTIFICA Y TECNICA,EFRAIN ANDRES PAIZ CANO,963
0034F4B5,"COMPUTADORA DE ESCRITORIO, MOUSE OPTICO MODELO: MS116P SERIE: CN-009NK2-73826-695-0V87, TECLADO EN ESPAÑOL, MODELO: KB216P, SERIE: CN-08NYJV-73826-6BC-035D-A02, Y MOUSE PAD, DISCO DURO 1TB, MEMORIA RAM 16GB, PANTALLA PLANA 23.8PULG., MODELO:SE2316HC, SERIE:CN-0JWHYH-64180-6BE-03NT-A00, PROCESADOR INTEL CORE I7 DE 3.4GIGAHERCIOS, PUERTOS 4USB, 1VGA, SISTEMA MICROSOFT WINDOWS 10 OEM DE 64BITS PROFESIONAL EN ESPAÑOL, TARJETA DE VIDEO 2GB DDR3, UNIDAD OPTICA INTERNA DVD+/RW.",DELL,OPTIPLEX 7040,9MNRXG2,DIRECCION DE POPULARIZACION CIENTIFICA Y TECNOLOGICA,OROZCO VELASQUEZ KARIM MERCEDES,962
003B6688,"COMPUTADORA PORTÁTIL, PROCESADOR INTEL CORE I7-865U 1.9GHZ SISTEMA OPERATIVO MICROSOFT WINDOWS 10 PRO RAM DE 8GB DDR4, DISCO DURO 1TB 8GB MEMORIA RAM PANTALLA 15.6 CÁMARA MICRÓFONO INTEGRADA TARJETA DE RED GB 10/100/1000 INTEGRADA TARJETA INALAMBRICA INTEL DUAL BAND WIRELESS AC 8265 2X2 PUERTOS 3 USB 3.1 1 LECTOR DE TARJETAS DE MEMORIA SD 4.0, 1 LECTOR DE TARJETA INTELIGENTE TECLADO ILUMINADO EN ESPAÑOL MOUSE MARCA DELL USB ÓPTICO.",DELL,LATITUDE 5591,442NNN2,DIRECCION DE POPULARIZACION CIENTIFICA Y TECNOLOGICA,OROZCO VELASQUEZ KARIM MERCEDES,1089
0044590D,"COMPUTADORA PORTATIL, DISCO DURO 512 GB ESTADO SOLIDO; MEMORIA RAM 16GB; INCLUYE MOCHILA DELL; PARA USO DEL PERSONAL DE LA SENACYT",DELL,LATITUD 5400 XCTO,BCBX5Y2,DIRECCION DE POPULARIZACION CIENTIFICA Y TECNOLOGICA,OROZCO VELASQUEZ KARIM MERCEDES,1089
003B4B6D,"COMPUTADORA DE ESCRITORIO, PROCESADOR: INTEL CORE I7-7700, MEMORIA 8 GB DE MEMORIA DDR4 A 2400MHZ (2DIMMS), DISCO DURO DE 1TB 7200 RPM DE 3.5"" ACCESORIOS: MOUSE, TECLADO Y MONITOR DE 23.8"".",DELL,OPTIPLEX 7050,7JW31M2,DIRECCION DE POPULARIZACION CIENTIFICAS Y POPULARIZACION,DE LEON CHITIC SANDRA SOFIA,970
0040ABC0,"COMPUTADORA DE ESCRITORIO, INCLUYE MONITOR, MOUSE Y TECLADO. CAPACIDAD DISCO DURO 1 TERA. PROCEDASOR INTEL COREI7, MEMORIA RAM 8 GB.",DELL,OPTIPLEX 9020 SFF,6LVTW52,DIRECCION DE RECURSOS HUMANOS,AZURDIA LOPEZ INGRID MARIA,952
003B4B62,"COMPUTADORA DE ESCRITORIO, PROCESADOR: INTEL CORE I7-7700, MEMORIA 8 GB DE MEMORIA DDR4 A 2400MHZ (2DIMMS), DISCO DURO DE 1TB 7200 RPM DE 3.5"" ACCESORIOS: MOUSE, TECLADO Y MONITOR DE 23.8"".",DELL,OPTIPLEX 7050,BRP71M2,DIRECCION DE RECURSOS HUMANOS,DANIEL GARRIDO,1116
002AD43C,"HP COMPAQ  PRO6300 MOCROTOWER BUSINESS PC WIN8 PRO DOWNGRADE TO WIN7 PRO 64 LTN INTELCOREI5-34703.2G6MHD2500 CPU ALL 4GB DDR3-1600 DIMM (1X4GB) RAM 500GB 7200 RPM 3.5 HDD HP PS/2 OPTICAL MOUSE, MONITOR Y TECLADO",HP,NA,MXL3330X9D,DIRECCION DE RECURSOS HUMANOS,INGRID MARIA AZURDIA LOPEZ,986
001C1843,"CPU Dell Desktop procesador Intel Core 2 Duo E8400 3.0Ghz, 4GB RAM 1066Mhz, 250GB HD Sata 3.0Gb/s, Quemadora DVD+/-RW, Sistema Op. Windows 7 PRO Español",DELL,Optiplex 780,FL7BKM1,DIRECCION DE RECURSOS HUMANOS,LESBIA FLORIDALMA CHAVEZ CHOCOJAY,958
003B4B6A,"COMPUTADORA DE ESCRITORIO, PROCESADOR: INTEL CORE I7-7700, MEMORIA 8 GB DE MEMORIA DDR4 A 2400MHZ (2DIMMS), DISCO DURO DE 1TB 7200 RPM DE 3.5"" ACCESORIOS: MOUSE, TECLADO Y MONITOR DE 23.8"".",DELL,OPTIPLEX 7050,BTN31M2,DIRECCION DE RECURSOS HUMANOS,LIZA MARIA PINEDA VELIZ,956
001B75C6,"CPU DELL DESKTOP CON PROCESADOR INTEL CORE 2 DUO E8400 3.4GHZ, 4 GB MEMORIA RAM 1066MHZ, DISCO DURO SATA 3.0 DE 250GB, CON QUEMADORA DVD+/-RW, SISTEMA OPERATIVO WINDOWS 7 PRO ESPAÑOL",DELL,OPTIPLEX 780,H6ZQ5M1,DIRECCION DE RECURSOS HUMANOS,REJOPACHI ITZOL ANA EDELMIRA,1065
001F847C,"COMPUTADORA PORTÁTIL DELL, 2.5GHZ, 4GB MEMORIA RAM, DISCO DURO 250GB, DVD+/- RW, WINDOWS 7 PRO ESPAÑOL",DELL,E5420,13FT4S1,DIRECCION DE TECNOLOGIA DE LA INFORMACION,EDISON ALDAIR DIAZ,1007
001F847E,"COMPUTADORA PORTÁTIL DELL, 2.5GHZ, 4GB MEMORIA RAM, DISCO DURO 250GB, DVD+/- RW, WINDOWS 7 PRO ESPAÑOL",DELL,E5420,13GJ4S1,DIRECCION DE TECNOLOGIA DE LA INFORMACION,EDISON ALDAIR DIAZ,1007
0034F4B6,"COMPUTADORA DE ESCRITORIO, MOUSE OPTICO MODELO: MS116P SERIE: CN-009NK2-73826-69A-129H, TECLADO EN ESPAÑOL, MODELO: KB216P, SERIE: CN-08NYJV-73826-6BC-00GZ-A02, Y MOUSE PAD, DISCO DURO 1TB, MEMORIA RAM 16GB, PANTALLA PLANA 23.8PULG., MODELO:SE2316HC, SERIE:CN-0JWHYH-64180-6AO-09ZT-A00, PROCESADOR INTEL CORE I7 DE 3.4GIGAHERCIOS, PUERTOS 4USB, 1VGA, SISTEMA MICROSOFT WINDOWS 10 OEM DE 64BITS PROFESIONAL EN ESPAÑOL, TARJETA DE VIDEO 2GB DDR3, UNIDAD OPTICA INTERNA DVD+/RW.",DELL,OPTIPLEX 7040,9N1RXG2,DIRECCION DE TECNOLOGIA DE LA INFORMACION,GABRIELA MARIA MORALES CORONADO,1029
004458A8,"COMPUTADORA DE ESCRITORIO DISCO DURO 256 GB MEMORIA RAM 8GB. INCLUYE: PANTALLA DELL 24, MOUSE DELL Y TECLADO EN ESPAÑOL PARA USO DEL PERSONAL DE LA SENACYT.",DELL,OPTIPLEX 7070 SFF XCTO,65R0PY2,DIRECCION DE TECNOLOGIAS DE LA INFORMACIÓN,CALEL RAMOS ELMER ANSELMO,NA
0044FA33,"COMPUTADORA DE ESCRITORIO, CAPACIDAD DE DISCO DURO DE ESTADO SOLIDO: 256 GB: MEMORIA RAM DE 8 GB, INCLUYE MONITOR DE 23.8 PULGADAS, TECLADO EN ESPAÑOL, MOUSE Y CPU, PARA USO EXCLUSIVO DEL PERSONAL DE LA SENACYT (DELL, OPTIPLEX 7070, 4FP2PY2)",DELL,OPTIPLEX 7070,255SRZ2,DIRECCION DE TECNOLOGIAS DE LA INFORMACIÓN,DIAZ EDISON ALDAIR,NA
004458A9,"COMPUTADORA DE ESCRITORIO DISCO DURO 256 GB ESTADO SOLIDO MEMORIA RAM 8GB. INCLUYE: PANTALLA DELL DE 24"", MOUSE DELL Y TECLADO DELL EN ESPAÑOL PARA USO DEL PERSONAL DE LA SENACYT.",DELL,OPTIPLEX 7070 SFF XCTO,65Q5PY2,DIRECCION DE TECNOLOGIAS DE LA INFORMACIÓN,JOAQUIN REMBERTO SANCHEZ LEMUS,NA
445894,"COMPUTADORA DE ESCRITORIO DISCO DURO 256 GB ESTADO SOLIDO MEMORIA RAM 8GB. INCLUYE: PANTALLA 24, MOUSE DELL Y TECLADO EN ESPAÑOL PARA USO DEL PERSONAL DE LA SENACYT.",DELL,OPTIPLEX 7070 SFF XCTO,65Q6PY2,DIRECCION DE TECNOLOGIAS DE LA INFORMACIÓN,KEVIN ADIEL LAJPOJ AJPACAJA,NA
0044FA2B,"COMPUTADORA DE ESCRITORIO, CAPACIDAD DE DISCO DURO DE ESTADO SOLIDO: 256 GB: MEMORIA RAM DE 8 GB, INCLUYE MONITOR DE 23.8 PULGADAS, TECLADO EN ESPAÑOL, MOUSE Y CPU, PARA USO EXCLUSIVO DEL PERSONAL DE LA SENACYT (DELL, OPTIPLEX 7070, 4FP2PY2)",DELL,OPTIPLEX 7070,FP134Y2,DIRECCION DE TECNOLOGIAS DE LA INFORMACIÓN,KEVIN ESTUARDO ESQUIVELCUY,NA
445900,"COMPUTADORA PORTATIL, DISCO DURO 512 GB ESTADO SOLIDO; MEMORIA RAM 16GB; INCLUYE MOCHILA DELL; PARA USO DEL PERSONAL DE LA SENACYT.",DELL,LATITUD 5400 XCTO,D4SR5Y2,DIRECCION DE TECNOLOGIAS DE LA INFORMACIÓN,NA,NA
445906,"COMPUTADORA PORTATIL, DISCO DURO 512 GB ESTADO SOLIDO; MEMORIA RAM 16GB; INCLUYE MOCHILA DELL; PARA USO DEL PERSONAL DE LA SENACYT",DELL,LATITUD 5400 XCTO,6CBX5Y2,DIRECCION DE TECNOLOGIAS DE LA INFORMACIÓN,SABAN RAXON EDGAR RUBEN,NA
002AD441,"HP COMPAQ  PRO6300 MOCROTOWER BUSINESS PC WIN8 PRO DOWNGRADE TO WIN7 PRO 64 LTN INTELCOREI5-34703.2G6MHD2500 CPU ALL 4GB DDR3-1600 DIMM (1X4GB) RAM 500GB 7200 RPM 3.5 HDD HP PS/2 OPTICAL MOUSE, MONITOR Y TECLADO",HP,NA,MXL3330X9N,DIRECCIONDE GENERACIO Y TRANSFERENCIA DE CONOCIMIENTO,ESPAÑA HERRERA PATRICIA DEL CARMEN,990
0040AC71,"COMPUTADORA DE ESCRITORIO, INCLUYE MONITOR, MOUSE Y TECLADO. CAPACIDAD DISCO DURO 1 TERA. PROCEDASOR INTEL COREI7, MEMORIA RAM 8 GB.",DELL,OPTIPLEX 9020 SFF,6HJTW52,DIRECION ADMINISTRATIVA FINANCIERA,TERCERO DAVILA CAROL ILIANA,1034
004458A4,"COMPUTADORA DE ESCRITORIO DISCO DURO 256 GB ESTADO SOLIDO MEMORIA RAM 8GB. INCLUYE: PANTALLA DELL DE 24"", MOUSE DELL Y TECLADO DELL EN ESPAÑOL PARA USO DEL PERSONAL DE LA SENACYT.",DELL,OPTIPLEX 7070 SFF XCTO,65PZNY2,GENERACION Y TRANSFERENCIA DEL CONOCIMIENTO,CHUY ARRIOLA STEPHANIE yAZMIN,NA
004458AA,"COMPUTADORA DE ESCRITORIO DISCO DURO 256 GB ESTADO SOLIDO MEMORIA RAM 8GB. INCLUYE: PANTALLA DELL DE 24"", MOUSE DELL Y TECLADO DELL EN ESPAÑOL PARA USO DEL PERSONAL DE LA SENACYT.",DELL,OPTIPLEX 7070 SFF XCTO,65P5PY2,GENERACION Y TRANSFERENCIA DEL CONOCIMIENTO,CONTRERAS SOlORZANO OlGA EllZA,NA
003D4CA6,"COMPUTADORA INTEL CORE I7-8550U (8M SMARTCACHE, HASTA 4.00GHZ), 8GB MEMORIA, 1TB DISCO DURO, UNIDAD ÓPTICA DVD+-RW, VIDEO INTEGRADO, SONIDO INTEGRADO, TARJETA DE RED, 6 USB 3.0, 4 USB 2.0, 4 USB INTERNOS, INCLUYE MOUSE, TECLADO Y MONITOR DE 23.8"" FULL HD DELL.",DELL,OPTIPLEX 7060,1LMV0Q2,JEFATURA DE PROYECTOS,COJULUN MALDONADO MARIA ESTHER,1054
00377ACB,"COMPUTADORA DE ESCRITORIO ACCESORIOS: MOUSE ÓPTICO MODELO MS116P S/N CN009NK2738266AO0HPI TECLADO ESPAÑOL MODELO: KB216T S/N CN0F2JV27161669100MBA03 Y MOUSE PAD, CAP DISCO DURO 1 TB CONECTIVIDAD ETHERNET 10/100/1000 RAM 16 GB PANTALLA DE ALTA DEFINICIÓN DE 23.8 PULG MODELO SE2416HC S/N CN052MT9641806CN1DGBA00 PROCESADOR INTEL CORE I7 DE 3.4GHZ PUERTOS 4USB V3 4USB V2.0 1 RJ45 1VGA SISTEMA OPERATIVO MICROSOFT WINDOWS 10 OEM DE 64 BITS PROF ESPAÑOL TARJETA VIDEO 2GB DDR3 UNIDAD ÓPTICA DVD+/RW",DELL,OPTIPLEX 7040,1P0GCH2,JEFATURA DE PROYECTOS,DE LEON SOTO JORGE STUARDO,NA
00377AD1,"COMPUTADORA DE ESCRITORIO ACCESORIOS: MOUSE ÓPTICO MODELO MS116P S/N CN009NK27382669A11S3 TECLADO ESPAÑOL MODELO: KB216P S/N CN08NYJV738266BC037IA02 Y MOUSE PAD, CAP DISCO DURO 1 TB CONECTIVIDAD ETHERNET 10/100/1000 RAM 16 GB PANTALLA DE ALTA DEFINICIÓN DE 23.8 PULG MODELO SE241HC S/N CN052MT9641806B11BCLA00 PROCESADOR INTEL CORE I7 DE 3.4GHZ PUERTOS 4USB V3 4USB V2.0 1 RJ45 1VGA SISTEMA OPERATIVO MICROSOFT WINDOWS 10 OEM DE 64 BITS PROF ESPAÑOL TARJETA VIDEO 2GB DDR3 UNIDAD ÓPTICA DVD+/RW",DELL,OPTIPLEX 7040,9N3FXG2,JEFATURA DE PROYECTOS,PONCIANO ALFARO ERICK GIOVANNI,1050
001B75DB,"CPU DELL DESKTOP CON PROCESADOR INTEL CORE 2 DUO E8400 3.4GHZ, 4 GB MEMORIA RAM 1066MHZ, DISCO DURO SATA 3.0 DE 250GB, CON QUEMADORA DVD+/-RW, SISTEMA OPERATIVO WINDOWS 7 PRO ESPAÑOL",DELL,OPTIPLEX 780,67ZQ5M1,JEFATURA DE PROYECTOS,REYES GARCIA ERICKA MARGOOTH,1055
000EE151,"NOTEBOOK DELL LATITUDE D630 C2D 2.0/100G/2G/DVDRW, COLOR GRIS",DELL,LATITUDE D630,BP2SFD1,NA,NA,299
0011DB11,CPU MARCA DELL  MINITOWER CORE 2 DUO E7200 COLOR NEGRO,DELL,OPTIPLEX 755,H2P1TH1,NA,NA,258
0011D087,CPU DELL MINITOWER CORE 2 DUO E7200 2.53GHZ DISCO DURO DE 160 GB SATA 3.0 GB COLOR NEGRO,DELL,OPTIPLEX 755,C1P1TH1,NA,NA,279
0011D6ED,"CPU DELL 2.53GHZ 3M, DISCO DURO 160GB COLOR NEGRO",DELL,OPTIPLEX CORE 2 DUO ET7200,31P1TH1,NA,NA,225
00155B29,"CPU DELL CON PROCESADOR CORE 2 DUO E7300 2.66 GHZ, 2GB MEMORIA RAM, DISCO DURO 250GB SATA II",DELL,OPTIPLEX 760,424QQJ1,NA,NA,461
001B75BD,"CPU DELL DESKTOP CON PROCESADOR INTEL CORE 2 DUO E8400 3.4GHZ, 4 GB MEMORIA RAM 1066MHZ, DISCO DURO SATA 3.0 DE 250GB, CON QUEMADORA DVD+/-RW, SISTEMA OPERATIVO WINDOWS 7 PRO ESPAÑOL",DELL,OPTIPLEX 780,66ZQ5M1,NA,NA,347
001B75DF,"CPU DELL DESKTOP CON PROCESADOR INTEL CORE 2 DUO E8400 3.4GHZ, 4 GB MEMORIA RAM 1066MHZ, DISCO DURO SATA 3.0 DE 250GB, CON QUEMADORA DVD+/-RW, SISTEMA OPERATIVO WINDOWS 7 PRO ESPAÑOL",DELL,OPTIPLEX 780,C4ZQ5M1,NA,NA,310
001C17EE,"CPU Dell Desktop procesador Intel Core 2 Duo E8400 3.0Ghz, 4GB RAM 1066Mhz, 250GB HD Sata 3.0Gb/s, Quemadora DVD+/-RW, Sistema Op. Windows 7 PRO Español",DELL,Optiplex 780,FKV9KM1,NA,NA,382
001C17EF,"CPU Dell Desktop procesador Intel Core 2 Duo E8400 3.0Ghz, 4GB RAM 1066Mhz, 250GB HD Sata 3.0Gb/s, Quemadora DVD+/-RW, Sistema Op. Windows 7 PRO Español",DELL,Optiplex 780,FM7CKM1,NA,NA,249
001D25C6,"COMPUTADORA PORTÁTILMARCA DELL CON PROCESADOR CORE i3 2.26GHZ, DISCO DURO 250GB, DVD+/-RW, SISTEMA OPERATIVO WINDOWS PRO7",DELL,LATITUD E5410,3NQ4BN1,NA,NA,332
001D25E9,"COMPUTADORA PORTÁTIL MACBOOK MARCA APPLE C/PROCESADOR CORE DUO 2.66GHZ, DISCO DURO 320GB, INCLUYE LICENCIA Iwork ´09 RETAIL EN ESPAÑOL Y ADAPTADOR VGA MINI",APLLE,MC375E/A1278,W8036680ATN,NA,NA,377
001F7442,"COMPUTADORA PORTÁTIL DELL C/PROCESADOR 2.5GHZ, 2X2GB MEMORIA RAM Y DISCO DURO 250GH, CON WINDOWS PRO7 EN ESPAÑOL, INCLUYE MALETÍN",DELL,E5420,13GF4S1,NA,NA,394
0020FC33,CPU marca DeLL procesador intel core cor i7 3.4 GHZ,DELL,OPTIPLEX 790,CN07TKK57287221A0RYI,NA,NA,NA
002EEDBF,COMPUTADORA PORTATIL HP ENVY SPECTRE,HP,NA,5CD21856CD C,NA,NA,NA
003E9FCD,"SERVIDOR EN RACK, CAPACIDAD TOTAL EN CRUDO, 4.8 TERABYTE, DISCOS DUROS 8, FUENTE DE PODER REDUNDANTE, MEDIOS DE LECTURA ÓPTICA DVD+/-RW SATA INTERNA, MEMORIA CACHE 16 MEGABYTE, MEMORIA RAM 96 GIGABYTE, PROCESADOR 2 DE 2.1 GIGA HERCIO.",DELL,POWEREDGE R740,6BWL1S2,NA,NA,NA
445908,"COMPUTADORA PORTATIL, DISCO DURO 512 GB ESTADO SOLIDO; MEMORIA RAM 16GB; INCLUYE MOCHILA DELL; PARA USO DEL PERSONAL DE LA SENACYT",DELL,LATITUD 5400 XCTO,G8SR5Y2,NA,NA,NA
445882,"COMPUTADORA DE ESCRITORIO DISCO DURO 256 GB ESTADO SOLIDO MEMORIA RAM 8GB. INCLUYE: PANTALLA DE 24, MOUSE DELL Y TECLADO EN ESPAÑOL PARA USO DEL PERSONAL DE LA SENACYT.",DELL,OPTIPLEX 7070 SFF XCTO,65Q3PY2,NA,NA,NA
445899,"COMPUTADORA DE ESCRITORIO DISCO DURO 256 GB ESTADO SOLIDO MEMORIA RAM 8GB. INCLUYE: PANTALLA DELL DE 24"", MOUSE DELL Y TECLADO DELL EN ESPAÑOL PARA USO DEL PERSONAL DE LA SENACYT.",DELL,OPTIPLEX 7070 SFF XCTO,65P6PY2,NA,NA,NA
0044FA06,"COMPUTADORA DE ESCRITORIO, CAPACIDAD DE DISCO DURO DE ESTADO SOLIDO: 256 GB: MEMORIA RAM DE 8 GB, INCLUYE MONITOR DE 23.8 PULGADAS, TECLADO EN ESPAÑOL, MOUSE Y CPU, PARA USO EXCLUSIVO DEL PERSONAL DE LA SENACYT (DELL, OPTIPLEX 7070, 4FP2PY2)",DELL,OPTIPLEX 7070,4FD2PY2,PLANIFICACION Y DESARROLLO,ALWIN IVAN PAZ AGUIRRE,NA
001EAD2A,"CPU DESKTOP MARCA DELL COLOR NEGRO, PROCESADOR INTEL CORE DUO E8400, 3.OGHZ, 4GB MEMORIA RAM DISCO DURO 250GB SATA 3.0, QUEMADORA DVD+/-RW",DELL,OPTIPLEX 780,FY4YDP1,PLANIFICACION Y DESARROLLO,MARIA MERCEDES DAVILA HURTARTE,1016
004458AD,"COMPUTADORA DE ESCRITORIO DISCO DURO 256 GB ESTADO SOLIDO MEMORIA RAM 8GB. INCLUYE: PANTALLA DELL DE 24"", MOUSE DELL Y TECLADO DELL EN ESPAÑOL PARA USO DEL PERSONAL DE LA SENACYT.",DELL,OPTIPLEX 7070 SFF XCTO,65Q2PY2,PLANIFICACION Y DESARROLLO,OSCAR ANTONIO RODRIGUEZ MONZON,1084
004458B0,"COMPUTADORA DE ESCRITORIO DISCO DURO 256 GB ESTADO SOLIDO MEMORIA RAM 8GB. INCLUYE: PANTALLA DELL DE 24"", MOUSE DELL Y TECLADO DELL EN ESPAÑOL PARA USO DEL PERSONAL DE LA SENACYT.",DELL,OPTIPLEX 7070 SFF XCTO,65QXNY2,PLANIFICACION Y DESARROLLO,WAGNER RICARDO MENESES PAZ,NA
002E9B5C,"COMPUTADORA HP ELITEDESK 800 COUNTRY KIT, PROCESADOR INTEL CORE I7 3.4 GHZ, MOTHERBOARD B85, 16 GB RAM 1600 MHZ, 1 TERA HD SATA 7200 RPM ZOTAC VGA GFORCE GTX 650, 1 GIGA, 256 BIT, UNIDAD SUPER COMBO DVD-RW, CASE CORSAIR 550D, BLACK STEAL PSU CORSAIR, CX-430W, COMBO TECLADO MAUSE ALÁMBRICO NEGRO",HP,ELITEDESK 800,MXL41225XT,PLANIFICACIÓN Y DESARROLLO,DE  LEÓN SOSA GUILLERMO BALDOMERO,1031
0020FC0A,CPU marca DeLL procesador intel core cor i7 3.4 GHZ,DELL,OPTIPLEX 790,CN07TKK57287221A0PTI,PLANIFICACIÓN Y DESARROLLO,PAZ AGUIRRE ALWIN IVAN,979
003D4CB2,"COMPUTADORA PORTÁTIL, PROCESADOR INTEL CORE I5-7200U DUAL CORE DE HASTA 3.1GHZ. 3MB SMARTCACHE, 8GB RAM, DISCO 256GB SATA DE ESTADO SOLIDO, TECLADO EN ESPAÑOL, VIDEO INTEGRADO HD GRAPHICS, PANTALLA LED DE 14"" HD, CON CAPA ANTIRREFLEJO, BLUETOOTH 4.0, CÁMARA WEB Y MICRÓFONO INTEGRADO, BATERÍA Y CARGADOR WINDOWS 10 PROFESIONAL DE 64 BITS.",DELL,LATITUDE 3490,G6WPKP2,PLANIFICACIÓN Y DESARROLLO,PAZ AGUIRRE ALWIN IVAN,1032
357580,COMPUTADORA DE ESCRITORIO MOUSE OPTICO MODELO MS116P S/N CN-009NK2-73826-69C-0DRV TECLADO ESPAÑOL MODELO: KB216P S/N CN-08NYJV-73826-6BC-037Q-A02 Y MOUSE PAD CAP DISCO DURO 1 TB CONCECTIVIDAD ETHERNET 10/100/1000 RAM 16 GB PANTALLA DE ALTA DEFINICION DE 23.8PLGS MODELO E2417H S/N CN-0T4KPW-74261-721-08HB-A00 PROCESADOR INTEL CORE I7 DE 3.4GHZ PUERTOS 4USB V3 4USB V2.0 1 RJ45 1VGA SISTEMA OPERATIVO MICROSOFT WINDOWS 10 OEM DE 64 BITS PROF ESPAÑOL TARJETA VIDEO 2GB DDR3 UNIDAD OPTICA DVD+/RW,DELL,OPTIPLEX 7040,9MMRXG2,RECEPCIÓN PRIMEL NIVEL SUBDIRECCIÓN ADMINISTRATIVA,JOCELYN MELISSA GUZMAN BONILLA,NA
0044F9AD,"COMPUTADORA DE ESCRITORIO, CAPACIDAD DE DISCO DURO DE ESTADO SOLIDO: 256 GB: MEMORIA RAM DE 8 GB, INCLUYE MONITOR DE 23.8 PULGADAS, TECLADO EN ESPAÑOL, MOUSE Y CPU, PARA USO EXCLUSIVO DEL PERSONAL DE LA SENACYT (DELL, OPTIPLEX 7070, 4FP2PY2)",DELL,OPTIPLEX 7070,GC36PY2,RECURSOS HUMANOS,ANA JORETTE MONZON CHACON,1115
001F7BC8,"CPU DELL SMALLFORM FACTOR, PROCESADOR INTEL CORE i7, 4BG MEMORIA RAM, DISCO DURO 250GB SATA 3.0, DVD +/-WR, WINDOWS 7 PRO ESPAÑOL",DELL,OPTIPLEX 790S,J8LZTR1,RECURSOS HUMANOS,DORA HERNANDEZ,995
0044F9BC,"COMPUTADORA DE ESCRITORIO, CAPACIDAD DE DISCO DURO DE ESTADO SOLIDO: 256 GB: MEMORIA RAM DE 8 GB, INCLUYE MONITOR DE 23.8 PULGADAS, TECLADO EN ESPAÑOL, MOUSE Y CPU, PARA USO EXCLUSIVO DEL PERSONAL DE LA SENACYT (DELL, OPTIPLEX 7070, 4FP2PY2)",DELL,OPTIPLEX 7070,4FF3PY2,RECURSOS HUMANOS,JUAN JOSE ESCOBAR MOX,957
445853,"COMPUTADORA DE ESCRITORIO DISCO DURO 256 GB ESTADO SOLIDO MEMORIA RAM 8GB. INCLUYE: PANTALLA DELL DE 24, MOUSE DELL Y TECLADO EN ESPAÑOL PARA USO DEL PERSONAL DE LA SENACYT.",DELL,OPTIPLEX 7070 SFF XCTO,65PYNY2,RECURSOS HUMANOS,LESBIA FLORIDALMA CHAVEZ CHOCOJAY,958
001C18B9,"CPU Dell Desktop procesador Intel Core 2 Duo E8400 3.0Ghz, 4GB RAM 1066Mhz, 250GB HD Sata 3.0Gb/s, Quemadora DVD+/-RW, Sistema Op. Windows 7 PRO Español",DELL,Optiplex 780,FKYBKM1,SALON TIKAL,BLANCA TZUNUN,728
003B4B69,"COMPUTADORA DE ESCRITORIO, PROCESADOR: INTEL CORE I7-7700, MEMORIA 8 GB DE MEMORIA DDR4 A 2400MHZ (2DIMMS), DISCO DURO DE 1TB 7200 RPM DE 3.5"" ACCESORIOS: MOUSE, TECLADO Y MONITOR DE 23.8"".",DELL,OPTIPLEX 7050,7J641M2,SUB DIRECCION ADMINISTRATIVA,CABRERA MARROQUIN RONY MANFREDO,1049
002AD43D,"HP COMPAQ  PRO6300 MOCROTOWER BUSINESS PC WIN8 PRO DOWNGRADE TO WIN7 PRO 64 LTN INTELCOREI5-34703.2G6MHD2500 CPU ALL 4GB DDR3-1600 DIMM (1X4GB) RAM 500GB 7200 RPM 3.5 HDD HP PS/2 OPTICAL MOUSE, MONITOR Y TECLADO",HP,NA,MXL3330X97,SUB DIRECCION ADMINISTRATIVA,CARLOS ZACARIAS,1042
0011D8C9,"CPU MARCA DELL MINITOWER CORE 2 DUO E7200/2 , DISCO DURO 160 GB SATA 2.0, C/NEGRO",DELL,OPTIPLEX 755,53P1TH1,SUB DIRECCION ADMINISTRATIVA,CHAMATUM PINULA AUGUSTO,1015
0034F47E,"COMPUTADORA DE ESCRITORIO, MOUSE OPTICO MODELO: MS116P SERIE: CN-009NK2-73826-695-0V7H, TECLADO EN ESPAÑOL, MODELO: KB216P, SERIE: CN-08NYJV-73826-6BC-035B-A02, Y MOUSE PAD, DISCO DURO 1TB, MEMORIA RAM 16GB, PANTALLA PLANA 23.8PULG., MODELO:SE2316HC, SERIE:CN-0JWHYH-64180-6BE-0C8T-A00, PROCESADOR INTEL CORE I7 DE 3.4GIGAHERCIOS, PUERTOS 4USB, 1VGA, SISTEMA MICROSOFT WINDOWS 10 OEM DE 64BITS PROFESIONAL EN ESPAÑOL, TARJETA DE VIDEO 2GB DDR3, UNIDAD OPTICA INTERNA DVD+/RW.",DELL,OPTIPLEX 7040,9MQFXG2,SUB DIRECCION ADMINISTRATIVA,CORDERO WAS JOSE MANFREDO,1030
0011D510,"CPU MARCA DELL MINITOWER CORE 2 DUO E7200, DISCO DURO DE 160GB SATA 3.0 COLOR NEGRO",DELL,OPTIPLEX 755,42P1TH1,SUB DIRECCION ADMINISTRATIVA,GARCIA PEREZ CESAR ARTURO,1052
001C1806,"CPU Dell Desktop procesador Intel Core 2 Duo E8400 3.0Ghz, 4GB RAM 1066Mhz, 250GB HD Sata 3.0Gb/s, Quemadora DVD+/-RW, Sistema Op. Windows 7 PRO Español",DELL,Optiplex 780,FKT8KM1,SUB DIRECCION ADMINISTRATIVA,GRIJALVA CHICH LUIS MIGUEL,1053
001C1865,"CPU Dell Desktop procesador Intel Core 2 Duo E8400 3.0Ghz, 4GB RAM 1066Mhz, 250GB HD Sata 3.0Gb/s, Quemadora DVD+/-RW, Sistema Op. Windows 7 PRO Español",DELL,Optiplex 780,FL69KM1,SUB DIRECCION ADMINISTRATIVA,MEDINA GARCIA ANDREA CAROLINA,1035
0020FC27,CPU marca DeLL procesador intel core cor i7 3.4 GHZ,DELL,OPTIPLEX 790,7WL6NS1,SUB DIRECCION ADMINISTRATIVA,NA,NA
001B75BF,"CPU DELL DESKTOP CON PROCESADOR INTEL CORE 2 DUO E8400 3.4GHZ, 4 GB MEMORIA RAM 1066MHZ, DISCO DURO SATA 3.0 DE 250GB, CON QUEMADORA DVD+/-RW, SISTEMA OPERATIVO WINDOWS 7 PRO ESPAÑOL",DELL,OPTIPLEX 780,C6ZQ5M1,SUB DIRECCION ADMINISTRATIVA,OSCAR HUMBERTO AREVALO,1056
003D4CAA,"COMPUTADORA INTEL CORE I7-8550U (8M SMARTCACHE, HASTA 4.00GHZ), 8GB MEMORIA, 1TB DISCO DURO, UNIDAD ÓPTICA DVD+-RW, VIDEO INTEGRADO, SONIDO INTEGRADO, TARJETA DE RED, 6 USB 3.0, 4 USB 2.0, 4 USB INTERNOS, INCLUYE MOUSE, TECLADO Y MONITOR DE 23.8"" FULL HD DELL.",DELL,OPTIPLEX 7060,1MBT0Q2,SUB DIRECCION ADMINISTRATIVA,OSCAR MAURICIO REYES,1033
001B75D3,"CPU DELL DESKTOP CON PROCESADOR INTEL CORE 2 DUO E8400 3.4GHZ, 4 GB MEMORIA RAM 1066MHZ, DISCO DURO SATA 3.0 DE 250GB, CON QUEMADORA DVD+/-RW, SISTEMA OPERATIVO WINDOWS 7 PRO ESPAÑOL",DELL,OPTIPLEX 780,F6ZQ5M1,SUB DIRECCION ADMINISTRATIVA,SUHUL DE LEON CESAR ABEL,1014
001F7BCC,"CPU DELL SMALLFORM FACTOR, PROCESADOR INTEL CORE i7, 4BG MEMORIA RAM, DISCO DURO 250GB SATA 3.0, DVD +/-WR, WINDOWS 7 PRO ESPAÑOL",DELL,OPTIPLEX 790S,J8M5VR1,SUB DIRECCION ADMINISTRATIVA,SUNUM QUIN WILLIAM ARNOLDO,1059
003F8DA4,"COMPUTADORA DE ESCRITORIO, PROCESADOR INTEL CORRE I7-7700, MEMORIA 8GB, DISCO DURO 1TB, ACCESORIOS: MOUSE, TECLADO, UPS Y MONITOR 23.8"".",DELL,OPTIPLEX 7060,B3JX0Q2,SUB DIRECCION ADMINISTRATIVA,SUNUN QUIN WILLIAM ARNOLDO,1059
0040AC8A,"COMPUTADORA DE ESCRITORIO, INCLUYE MONITOR, MOUSE Y TECLADO. CAPACIDAD DISCO DURO 1 TERA. PROCEDASOR INTEL COREI7, MEMORIA RAM 8 GB.",DELL,OPTIPLEX 9020 SFF,6HRZW52,SUB DIRECCION ADMINISTRATIVA,TZUNUN MORATAYA BLANCA BERALIS,1048
0044F9F9,"COMPUTADORA DE ESCRITORIO, CAPACIDAD DE DISCO DURO DE ESTADO SOLIDO: 256 GB: MEMORIA RAM DE 8 GB, INCLUYE MONITOR DE 23.8 PULGADAS, TECLADO EN ESPAÑOL, MOUSE Y CPU, PARA USO EXCLUSIVO DEL PERSONAL DE LA SENACYT (DELL, OPTIPLEX 7070, 4FP2PY2)",DELL,OPTIPLEX 7070,DVPZ3Y2,SUB DIRECCION ADMINISTRATIVA,WAS CORDERO JOSE MANFREDO,NA
001C1881,"CPU Dell Desktop procesador Intel Core 2 Duo E8400 3.0Ghz, 4GB RAM 1066Mhz, 250GB HD Sata 3.0Gb/s, Quemadora DVD+/-RW, Sistema Op. Windows 7 PRO Español",DELL,Optiplex 780,FKZBKM1,SUB DIRECCION ADMINISTRATIVA,ZACARIAS MAURICIO CARLOS EDUARDO,1013
0011DAD2,"CPU DELL  MINITOWER CORE 2 DUO E7200 DISCO DURA 160 GB, COLOR NEGRO",DELL,OPTIPLES 755,G1P1TH1,SUB DIRECCION ADMINISTRATIVA (OFICINA CONTRALORIA SENACYT),SUNUM QUIN WILLIAM ARNOLDO,1059
0044F99D,"COMPUTADORA DE ESCRITORIO, CAPACIDAD DE DISCO DURO DE ESTADO SOLIDO: 256 GB: MEMORIA RAM DE 8 GB, INCLUYE MONITOR DE 23.8 PULGADAS, TECLADO EN ESPAÑOL, MOUSE Y CPU, PARA USO EXCLUSIVO DEL PERSONAL DE LA SENACYT (DELL, OPTIPLEX 7070, 4FP2PY2)",DELL,OPTIPLEX 7070,4FP2PY2,SUB DIRECCION FINANCIERA,EllAS LOPEZ MILVIA MARILENA,NA
001C17F3,"CPU Dell Desktop procesador Intel Core 2 Duo E8400 3.0Ghz, 4GB RAM 1066Mhz, 250GB HD Sata 3.0Gb/s, Quemadora DVD+/-RW, Sistema Op. Windows 7 PRO Español",DELL,Optiplex 780,FL1BKM1,SUB DIRECCION FINANCIERA,GARCIA PEREZ CESAR ARTURO,980
445830,"COMPUTADORA DE ESCRITORIO DISCO DURO 256 GB ESTADO SOLIDO MEMORIA RAM 8GB. INCLUYE: PANTALLA DELL DE 24, MOUSE DELL Y TECLADO DELL EN ESPAÑOL PARA USO DEL PERSONAL DE LA SENACYT. (DELL, OPTIPLEX 7070 SFF XCTO, 65Q0PY2.",DELL,OPTIPLEX 7070 SFF XCTO,65Q0PY2,SUB DIRECCION FINANCIERA,GARCIA VALENZUELA DE REYES FRANCISCA,NA
001C17F1,"CPU Dell Desktop procesador Intel Core 2 Duo E8400 3.0Ghz, 4GB RAM 1066Mhz, 250GB HD Sata 3.0Gb/s, Quemadora DVD+/-RW, Sistema Op. Windows 7 PRO Español",DELL,Optiplex 780,3NWS1P1,SUB DIRECCION FINANCIERA,TELLO MONTERROSO MIGDALIA AZUCENA,1047
0034F4B4,"COMPUTADORA DE ESCRITORIO, MOUSE OPTICO MODELO: MS116P SERIE: CN-009NK2-73826-695-0V7L, TECLADO EN ESPAÑOL, MODELO: KB216P, SERIE: CN-08NYJV-73826-6BC-0356-A02, Y MOUSE PAD, DISCO DURO 1TB, MEMORIA RAM 16GB, PANTALLA PLANA 23.8PULG., MODELO:SE2316HC, SERIE:CN-0JWHYH-64180-6BE-03TT-A00, PROCESADOR INTEL CORE I7 DE 3.4GIGAHERCIOS, PUERTOS 4USB, 1VGA, SISTEMA MICROSOFT WINDOWS 10 OEM DE 64BITS PROFESIONAL EN ESPAÑOL, TARJETA DE VIDEO 2GB DDR3, UNIDAD OPTICA INTERNA DVD+/RW.",DELL,OPTIPLEX 7040,9MTFXG2,UNIDAD DE GESTION DE CALIDAD,GUEVAR RECINOS SERGIO DENNIS,1027
003B4B61,"COMPUTADORA DE ESCRITORIO, PROCESADOR: INTEL CORE I7-7700, MEMORIA 8 GB DE MEMORIA DDR4 A 2400MHZ (2DIMMS), DISCO DURO DE 1TB 7200 RPM DE 3.5"" ACCESORIOS: MOUSE, TECLADO Y MONITOR DE 23.8"".",DELL,OPTIPLEX 7050,BTQ21M2,UNIDAD DE GESTION DE CALIDAD,OLIVA BATRES VICTOR GABRIEL,1069
445877,"COMPUTADORA DE ESCRITORIO DISCO DURO 256 GB ESTADO SOLIDO MEMORIA RAM 8GB. INCLUYE: PANTALLA DE 24, MOUSE DELL Y TECLADO EN ESPAÑOL PARA USO DEL PERSONAL DE LA SENACYT.",DELL,OPTIPLEX 7070 SFF XCTO,65Q4PY2,UNIDAD DE GESTION DE CALIDAD,PANGAN SESAM ALFONSA VELMY ELlSSA,NA
003B6685,"COMPUTADORA PORTÁTIL, PROCESADOR INTEL CORE I7-865U 1.9GHZ SISTEMA OPERATIVO MICROSOFT WINDOWS 10 PRO RAM DE 8GB DDR4, DISCO DURO 1TB 8GB MEMORIA RAM PANTALLA 15.6 CÁMARA MICRÓFONO INTEGRADA TARJETA DE RED GB 10/100/1000 INTEGRADA TARJETA INALAMBRICA INTEL DUAL BAND WIRELESS AC 8265 2X2 PUERTOS 3 USB 3.1 1 LECTOR DE TARJETAS DE MEMORIA SD 4.0, 1 LECTOR DE TARJETA INTELIGENTE TECLADO ILUMINADO EN ESPAÑOL MOUSE MARCA DELL USB ÓPTICO.",DELL,LATITUDE 5590,DQJPNN2,UNIDAD DE GESTIÓN DE CALIDAD,HERNANDEZ MADRlGALES CARMEN JEANETH,1006
